ID,HEADER:,.text:,.Pav:,.idata:,.data:,.bss:,.rdata:,.edata:,.rsrc:,.tls:,.reloc:,.BSS:,.CODE,jmp,mov,retf,push,pop,xor,retn,nop,sub,inc,dec,add,imul,xchg,or,shr,cmp,call,shl,ror,rol,jnb,jz,rtn,lea,movzx,edx,esi,eax,ebx,ecx,edi,ebp,esp,eip,.dll,std::,:dword,
KpZPrI7J5a8wVcxXfNqe,0,224345,0,519,4915,0,5530,0,0,0,0,0,0,128,73933,0,1830,627,206,86,0,107,140,46,172,41476,0,57,12,289,678,49,0,0,10,175,0,446,20,34153,28340,37051,39461,46370,38054,1915,751,0,43,17,124,
Kq9x2olZyEBkY6pDOFJu,0,7908,0,567,2034721,0,27687,0,0,0,0,0,0,81,1956,0,580,216,136,127,11,176,56,43,252,44,0,110,17,259,293,69,0,0,29,67,0,205,30,744,662,1416,293,1060,419,943,315,0,21,22,200,
kQEbWRHa04gOYDqM1NJ6,0,14748,0,420,834508,0,39643,0,0,0,0,0,0,360,2092,0,999,499,474,345,1,295,154,86,208,80,0,183,61,484,416,84,15,24,41,447,0,382,328,1129,1939,3334,453,1647,792,1352,393,0,4,30,106,
KqEgONxfHdP5lLaBIGQk,0,9796,0,607,2511504,0,26400,0,0,0,0,0,0,85,2214,0,597,243,144,208,8,232,58,40,351,38,0,131,20,264,360,61,5,3,29,85,0,212,47,767,704,1555,309,1171,456,908,573,0,24,22,211,
kqiOdVbRQlB2s907GLMv,17,1268,0,0,1041,0,1459,0,3,33,0,0,0,1,72,0,288,80,2,87,0,3,0,0,3,0,0,0,0,1,119,0,0,0,0,2,0,5,1,40,35,48,35,41,166,81,1,0,4,0,0,
KqNYZWSs4H8R6l9BiUEe,0,47557,0,496,6387,0,21245,0,0,0,0,0,0,208,14402,0,2086,786,2659,122,3820,211,295,108,398,3829,4584,109,112,491,785,110,0,0,24,231,0,506,139,10208,8123,13568,3083,11165,8503,2443,827,1,38,17,199,
KqS2u8HUWPI6jGDEhvB4,0,79099,0,630,5409,0,23162,0,0,0,0,0,0,807,23225,0,5712,1572,1620,477,0,625,660,282,869,3071,0,313,270,1598,2873,259,0,0,84,1050,0,888,636,10756,10537,18587,7335,11422,9646,4402,1905,0,43,23,232,
kQsiVxDbAXt23wRWal57,0,99811,0,590,25639,0,27789,0,0,0,0,0,0,85,1443,0,495,220,114,173,14,157,57,36,233,28,0,83,14,221,291,55,1,2,27,73,0,175,20,556,585,1135,258,774,379,829,468,0,21,17,202,
kqvJp5E0wbWgu9mnzSQB,0,5062,0,303,3772,0,1940232,0,0,0,0,0,0,50,1309,0,404,188,66,101,2,102,15,6,152,22,0,61,7,118,234,11,1,0,18,41,0,113,81,369,679,833,224,705,277,338,237,0,7,22,81,
KQwj9O6dlPxNyf8zW0gp,0,3520,0,458,463638,0,0,0,0,0,0,0,0,47,897,0,252,108,24,53,0,78,19,19,128,12,1,47,30,139,102,56,0,0,15,53,0,147,4,396,382,819,177,627,158,209,89,0,13,0,167,
KR7J9nBG2CF13zfj6QiV,0,43246,0,531,6550,0,21300,0,0,0,0,0,0,389,15755,0,2261,792,282,123,0,235,275,95,438,2389,0,112,90,584,842,115,0,0,29,224,0,431,375,6252,5128,11080,5687,8006,1823,6078,301,0,44,17,217,
KRBDxPLfj0JQV5heGX4S,0,6316,0,611,4296,0,3831683,0,0,0,0,0,0,91,1312,0,468,189,131,81,1,134,60,39,165,9,0,59,48,160,215,46,35,26,16,104,0,204,9,655,724,1059,346,878,447,707,253,0,25,16,208,
KRNHAm094TC7OJfEPp8h,0,82940,0,397,36052,0,1281543,0,0,0,0,0,0,1179,18471,0,7142,3114,1832,1716,1,1178,957,671,3115,295,0,661,538,2539,2640,502,1,3,237,2173,0,1518,590,7163,10334,16956,4337,10719,5197,4842,7343,0,3,36,154,
kRUx3TuoJSgp0sqDzNGX,17,3775,0,3,18000,0,262672,3,3,0,0,0,0,246,226,13,486,159,89,8,30,65,122,63,183,13,57,77,12,62,65,33,34,8,0,28,0,13,0,105,169,238,191,149,70,116,122,0,0,0,0,
kS8dLUGCRbajYvJZyDPe,17,2563,0,3,28869,0,96272,3,3,0,0,0,0,178,248,25,400,120,35,7,1,23,34,99,116,15,38,23,27,74,55,7,18,10,0,12,0,11,2,54,66,162,123,209,116,88,82,0,0,0,0,
KsaoU1ZWTfqSFYbOxPg8,17,3414,0,3,30687,0,76816,3,3,0,0,0,0,253,161,0,355,70,45,4,21,36,34,69,107,0,50,34,8,49,48,9,9,7,0,10,0,10,1,246,177,179,99,41,40,38,146,0,0,0,0,
ksKnqcBVTC0a3zSGoveR,0,13682,0,454,842620,0,39570,0,0,0,0,0,0,361,1898,0,968,468,404,296,1,277,154,75,190,6,0,180,35,483,411,84,0,0,41,409,0,364,328,925,1812,3106,447,1394,742,1352,342,0,4,30,116,
kSNnYl3ZLvB2WI7V4iEt,0,6003,0,466,1643010,0,27450,0,0,0,0,0,0,46,1618,0,475,175,89,113,12,123,10,10,203,57,0,62,6,167,261,17,9,6,21,48,0,146,27,469,467,1081,210,781,350,696,273,0,18,22,155,
ksTyZ4jN21lBiC9UYOGe,0,95117,0,521,6550,0,21259,0,0,0,0,0,0,389,34619,0,2261,792,282,123,0,235,275,95,438,7105,0,112,90,584,838,115,0,0,29,224,0,431,375,9396,15346,18154,13547,19010,9683,6078,301,0,44,17,214,
KSWPydxjJAYn08HOcM5a,0,19458,0,509,6550,0,21269,0,0,0,0,0,0,387,5537,0,2171,702,282,123,0,235,275,95,438,31,0,112,90,584,836,115,0,0,29,224,0,431,375,750,364,7150,115,3290,189,6080,301,0,44,17,210,
ktjMBCYU054Nh7GfT6sr,17,598,0,130,79376,0,380,0,3,0,0,0,0,49,430,1,476,147,299,9,1,262,72,9,486,0,63,56,6,23,41,3,1,2,0,18,0,54,2,42,92,89,83,54,70,16,168,0,4,0,53,
Kvxm20yICftr8djGVqUA,17,1446,0,0,1041,0,1474,0,3,33,0,0,0,0,62,0,358,160,2,87,0,3,0,0,3,0,0,0,0,1,119,0,0,0,0,1,0,6,1,41,34,38,28,252,112,81,1,0,4,0,0,
KWg8T3NOYaQBF0tMqLm5,17,1262,0,0,1041,0,1462,0,3,33,0,0,0,1,68,0,284,82,3,88,0,0,0,0,4,0,0,0,0,1,119,0,0,0,0,0,0,7,1,42,90,39,32,32,128,81,1,0,4,0,1,
KXy5fwEeZon9r6bHAvRg,17,402,0,0,192535,0,0,0,0,0,3,0,0,5,18,1,14,8,6,1,2,2,10,4,11,4,7,7,0,9,2,0,0,1,0,0,0,0,0,19,15,32,20,23,16,9,2,0,0,0,0,
l06yuHvrqdzTo8CQeAO5,17,1121,0,3,20115,0,16913,3,3,0,0,0,0,192,190,19,301,117,28,6,0,20,22,73,96,19,25,13,30,67,36,7,12,11,3,12,0,6,2,66,52,39,29,13,27,16,37,0,0,0,0,
l0PMq9Be5ft1ciaF4IwC,17,1314,0,0,1039,0,1469,0,0,0,0,0,0,31,63,0,319,156,2,41,0,2,0,0,3,0,0,0,0,1,119,0,0,0,0,2,0,11,1,30,24,61,38,253,125,81,1,0,4,0,0,
L0xnGubfYwOPpQAgVNvo,17,1464,0,0,1041,0,1455,0,3,33,0,0,0,1,75,0,381,161,1,87,0,3,0,0,2,0,0,0,0,0,119,0,0,0,0,2,0,6,1,43,28,258,43,45,123,81,1,0,4,0,0,
L1o7HeFKzONsb3JvRy82,17,1434,0,0,1041,0,1474,0,3,33,0,0,0,0,73,0,368,157,2,87,0,3,0,0,4,0,0,0,0,0,119,0,0,0,0,1,0,4,1,38,30,42,38,248,121,81,1,0,4,0,0,
l1OdNtIKM8Gi6jowZHg3,17,1106,0,0,1039,0,1469,0,3,0,0,0,0,31,62,0,222,81,2,41,0,2,0,0,2,0,0,0,0,1,119,0,0,0,0,2,0,6,0,31,32,51,21,38,171,81,1,0,4,0,0,
L1OGj5BEh2drf0Wtiu9N,17,1448,0,0,1041,0,1471,0,3,33,0,0,0,1,66,0,365,160,3,88,0,2,0,0,4,0,0,0,0,0,119,0,0,0,0,0,0,6,1,32,44,50,36,242,118,81,1,0,4,0,1,
l1yeU9NCErfuov4GIXj6,17,678,0,109,73230,0,1208,0,0,0,0,0,0,114,116,11,118,53,78,9,8,76,30,16,170,2,37,64,25,8,45,20,13,13,0,5,0,8,0,13,42,32,9,27,13,4,45,0,4,0,42,
L2PXN61rS7ouyCA4FR9U,17,652,0,103,263696,0,296,0,3,0,0,0,0,3,120,7,194,86,36,3,7,35,50,39,86,6,30,31,6,36,49,16,20,7,2,11,0,7,1,10,28,39,28,15,5,22,16,0,4,0,39,
L2QwdUyG0HISDVk8rcsE,17,24907,0,242,435,0,279048,0,3,0,3,0,0,76,716,0,26,15,97,6,0,2,3,2,8,0,0,54,1,281,9,0,0,0,0,209,0,60,0,310,312,287,231,259,238,537,11,0,0,0,83,
l387nbiI4TU9LNMQt1Fe,17,10028,0,86,73744,0,1040,0,0,0,0,0,0,829,525,14,972,788,130,18,19,223,125,84,333,8,102,40,9,141,32,37,19,10,4,14,0,44,1,573,683,793,642,594,576,153,311,0,3,0,29,
l3iRBsCVb4Z81TLNxSgM,17,2388,0,103,67088,0,22090,0,3,0,0,0,0,121,171,9,343,115,67,6,8,37,93,45,122,10,33,55,8,49,45,22,19,9,0,24,0,9,1,91,125,211,137,102,67,75,88,0,2,0,39,
l4UcKFH3ZaGOvsxnzYdC,17,311,0,117,16913,0,15803,0,3,0,0,0,0,4,49,2,93,33,14,1,2,13,29,16,25,1,10,19,4,22,27,7,3,0,0,9,0,10,0,2,5,9,7,6,3,3,2,0,2,0,46,
L5MO1uWhDZ2yplTkoRUd,17,988,0,113,67088,0,19636,0,3,0,0,0,0,95,130,7,263,101,51,6,6,37,60,41,102,10,33,35,12,34,75,13,15,10,0,16,0,8,1,20,46,69,52,33,17,28,25,0,2,0,44,
l5zY6vNZbOKF07uSn2Am,17,3093,0,3,28075,0,55313,3,3,0,0,0,0,205,130,12,253,105,46,25,30,50,25,36,89,13,48,7,19,36,51,7,18,11,12,17,0,35,2,125,97,245,156,159,112,89,118,0,0,0,0,
lBuYeZUbtHQVsh7Tn2NJ,17,13013,0,3,74769,0,1040,3,0,0,0,0,0,1290,472,35,840,677,126,23,29,179,113,97,254,12,140,54,10,106,33,19,21,9,3,18,0,46,1,519,605,709,481,564,532,156,238,0,0,0,0,
lC4sdkhcZS6zYaE53D1v,17,368,0,103,16913,0,19956,0,3,0,0,0,0,105,89,5,154,57,28,2,4,24,27,23,61,6,16,24,5,18,39,11,8,4,0,8,0,7,0,2,5,12,7,8,3,5,3,0,2,0,39,
lcqv9STBAX20houtQnR3,17,12350,0,3,73744,0,1040,3,0,0,0,0,0,1239,461,32,823,652,96,19,30,181,106,87,245,9,104,58,5,113,34,19,14,13,3,19,0,46,1,494,484,795,481,531,470,144,249,0,0,0,0,
LCrZhlaY3MnDA1GKwtvT,17,12778,0,3,74769,0,1040,3,0,0,0,0,0,1328,434,44,741,572,97,20,38,165,109,89,241,13,102,52,2,100,33,13,13,10,2,15,0,33,1,466,488,604,511,492,475,133,228,0,0,0,0,
ldNfaCpceLnGUE0rPzqF,17,4334,0,3,31652,0,55313,3,3,0,0,0,0,356,425,44,702,222,64,10,23,65,58,186,176,34,67,50,46,123,97,12,42,14,0,15,0,16,2,106,143,321,171,418,205,173,160,0,0,0,0,
LdYVqZXi4EpATxvmBcW8,17,556,0,130,262672,0,380,0,3,0,0,0,0,51,459,0,478,130,308,9,0,291,73,7,482,1,87,62,6,23,41,3,1,2,0,18,0,76,2,71,68,59,89,49,33,19,147,0,4,0,53,
LejcaXxAEgC31WhlswQ2,17,2929,0,3,26730,0,262672,3,3,0,0,0,0,269,172,14,315,125,54,24,41,75,33,44,91,19,50,14,26,52,65,13,20,9,12,20,0,52,3,143,111,234,142,115,108,76,112,0,0,0,0,
LEnDGzVIjHaqmrPMJyR0,0,0,0,0,0,0,0,0,0,0,0,0,0,0,0,0,0,0,0,0,0,0,0,0,0,0,0,0,0,0,0,0,0,0,0,0,0,0,0,0,0,0,0,0,0,0,0,0,0,0,0,
Lf5U8qioZ9yOkjrGT37A,17,564,0,107,67600,0,308,0,3,0,0,0,0,1,34,4,62,20,14,1,4,7,16,12,21,1,7,12,1,10,16,2,3,2,0,4,0,2,0,10,20,36,20,16,11,12,20,0,4,0,41,
LfVY3tPrRZHGQ2SdJm5x,17,2661,0,3,21009,0,262672,3,3,0,0,0,0,312,191,0,404,95,58,8,19,55,41,76,121,0,38,38,16,47,57,20,13,6,0,12,0,15,2,182,152,111,102,51,65,31,112,0,0,0,0,
LGbDxkN6wV9TedtYchBA,17,610,0,105,15879,0,305,0,3,0,0,0,0,58,457,1,453,142,291,10,1,257,69,8,460,0,74,61,6,25,41,3,2,2,0,19,0,70,2,57,76,136,74,54,46,16,167,0,4,0,40,
LgeBlyYQAD1NiVGRuxwk,17,0,0,31,0,0,0,0,0,0,0,0,0,69,28,2,46,40,9,1,1,9,10,7,14,1,4,1,0,9,1,0,2,1,0,1,0,2,0,0,0,0,0,0,0,0,0,0,1,0,7,
LH5pzdDSPOtgIaBC1jWo,0,0,0,0,0,0,0,0,0,0,0,0,0,0,0,0,0,0,0,0,0,0,0,0,0,0,0,0,0,0,0,0,0,0,0,0,0,0,0,0,0,0,0,0,0,0,0,0,0,0,0,
Li5YIMaubo4TWtEV7gxs,17,3062,0,3,26265,0,95760,3,3,0,0,0,0,215,337,27,554,195,51,12,10,45,47,140,164,24,55,45,32,92,79,15,28,11,0,11,0,22,1,62,123,223,134,338,166,133,121,0,0,0,0,
lIROYxmjTw8r2A3HiQay,17,4068,0,3,65552,0,1040,3,0,0,0,0,0,318,117,6,173,156,21,5,6,53,17,24,71,2,17,11,1,20,2,2,13,0,1,3,0,9,0,121,91,158,97,146,112,26,63,0,0,0,0,
LivEmF2ytpsDexIVWuYR,17,3403,0,3,27848,0,55313,3,3,0,0,0,0,273,270,14,450,198,85,40,46,90,50,70,143,28,80,23,30,67,99,14,36,12,25,30,0,82,3,126,114,279,189,152,122,93,135,0,0,0,0,
ljFT1KeZmEiHxhuRbrcd,17,320,0,106,75792,0,24591,0,3,0,0,0,0,0,0,0,3,2,2,0,0,0,2,0,0,0,0,1,0,1,1,0,0,0,0,0,0,0,0,0,1,6,2,1,0,0,0,0,2,0,41,
ljuryB4bfagHqV5FM9Ae,17,425,0,130,263650,0,380,0,3,0,0,0,0,5,198,15,372,148,73,8,13,54,89,63,137,17,34,65,13,56,97,29,27,9,1,20,0,13,0,5,7,27,15,8,4,6,7,0,4,0,53,
Lk2VPl51Q6mwrAd0jhic,17,541,0,109,66578,0,317,0,0,0,0,0,0,57,391,0,479,162,248,10,0,256,72,6,455,0,53,62,6,24,41,3,1,2,0,18,0,71,2,31,64,98,68,86,74,19,116,0,4,0,42,
lkqEXK4NrYSseRTt0Gb3,17,2692,0,0,10919,0,0,0,0,0,0,0,0,124,124,0,311,68,38,5,19,40,33,47,89,0,36,22,5,29,44,10,11,9,0,5,0,9,1,189,153,182,96,69,72,33,134,0,0,0,0,
lLvracbzqACpwsUtnuHh,17,1941,0,3,22187,0,95248,3,3,0,0,0,0,87,104,5,210,80,43,3,12,23,60,28,79,8,31,39,5,34,29,15,13,4,0,10,0,6,1,57,93,139,85,62,41,60,54,0,0,0,0,
LNAnljesrEDma5oUfVZI,17,3869,0,3,24591,0,262672,3,3,0,0,0,0,329,262,20,420,143,61,41,48,97,50,61,129,27,69,18,26,72,87,11,37,12,19,35,0,65,3,126,145,325,178,167,119,112,132,0,0,0,0,
loIP1tiwELF9YNZQjSUO,17,631,0,109,264208,0,317,0,3,0,0,0,0,2,152,14,284,128,53,7,12,46,70,52,126,10,43,52,8,39,91,25,31,14,0,11,0,16,1,17,20,43,29,16,8,15,17,0,4,0,42,
LOP6HaJKXpkic5dyuVnT,17,3495,0,3,27821,0,16913,3,3,0,0,0,0,286,281,15,462,202,94,43,54,100,69,97,158,27,93,21,43,78,112,19,41,15,27,36,0,80,3,157,133,342,178,155,138,105,137,0,0,0,0,
LOqA6FX02GWguYrI1Zbe,17,3054,0,3,27648,0,16913,3,3,0,0,0,0,149,134,27,248,97,23,6,19,21,12,55,71,15,24,12,22,45,35,5,20,5,2,4,0,3,0,73,79,227,88,254,111,101,97,0,0,0,0,
LoWgaidpb2IUM5ACcSGO,17,13622,0,3,73744,0,1040,3,0,0,0,0,0,1360,512,33,880,696,111,29,38,192,130,101,270,12,101,64,9,107,33,21,15,11,3,17,0,37,1,483,557,716,572,660,472,158,270,0,0,0,0,
lS0IVqXeJrN6Dzi9Pap1,17,12800,0,3,65552,0,1040,3,0,0,0,0,0,1287,476,36,826,647,121,17,37,165,103,98,238,9,103,61,9,112,33,15,25,11,4,17,0,52,1,515,480,736,523,551,493,150,256,0,0,0,0,
